{
  "posts": [
    {
      "id": 1,
      "title": "json-server",
      "author": "typicode"
    },
    {
      "id": 2,
      "title": "iOS New Post.",
      "author": "MAH"
    },
    {
      "title": "This is JSON formatted title",
      "author": "Zara",
      "id": 3
    },
    {
      "author": "YWYH",
      "title": "YWYH Note",
      "id": 4
    },
    {
      "0": "Legend",
      "1": "Mighty",
      "id": 5
    },
    {
      "author": "YWYH",
      "title": "YWYH Note",
      "id": 6
    },
    {
      "author": "SAIII",
      "title": "Sai",
      "id": 7
    },
    {
      "id": 8
    },
    {
      "title": "Super Sunday",
      "author": "Min",
      "id": 9
    },
    {
      "author": "min aung hein",
      "title": "Super Late Sunday",
      "id": 10
    },
    {
      "author": "min aung hein",
      "title": "Super Late Sunday",
      "id": 11
    },
    {
      "author": "min aung hein",
      "title": "Super Late Sunday",
      "id": 12
    }
  ],
  "comments": [
    {
      "id": 1,
      "body": "some comment",
      "postId": 1
    }
  ],
  "profile": {
    "name": "typicode"
  }
}